{
  "dataset": "SyntheticDyn2",
  "dataset_key": "synthetic_dyn2",
  "param": "zak",
  "regime": "acc",
  "regime_pretty": "acc",
  "gamma": 0.9837603569030762,
  "gamma_init": 1.0,
  "gamma_fixed": null,
  "train_global_gamma": true,
  "trained_global_gamma": 0.9837603569030762,
  "train_branch_gamma": true,
  "seed": 0,
  "shape": {
    "d_model": 8,
    "d_state": 8,
    "n_layers": 1,
    "ff": "LGLU2",
    "d_hidden": 8,
    "nl_layers": 2,
    "scale": 1.0,
    "init": "rand",
    "rho": 0.95,
    "rmin": 0.7,
    "rmax": 0.98,
    "max_phase": 6.283185307179586,
    "max_phase_b": 6.283185307179586,
    "phase_center": 0.0,
    "random_phase": true,
    "learn_x0": true,
    "zak_d_margin": 0.5,
    "zak_x2_margin": 0.5,
    "zak_x2_init_scale": 0.1
  },
  "parameter_match": null,
  "init_window": 0,
  "parameter_count": 499,
  "train_cfg": {
    "epochs": 20,
    "batch_size": 1,
    "lr": 0.002,
    "weight_decay": 0.0,
    "grad_clip": 1.0,
    "patience": 30,
    "min_delta": 1e-05,
    "val_interval": 1,
    "window_len": 32,
    "normalize_data": true,
    "train_mode": "loop",
    "eval_mode": "loop",
    "use_early_stopping": false
  },
  "effective_modes": {
    "train_mode_requested": "loop",
    "eval_mode_requested": "loop",
    "train_mode_used": "loop",
    "eval_mode_used": "loop",
    "supported_modes": [
      "scan",
      "loop"
    ]
  },
  "training_history": {
    "train_loss": [
      1.007386326789856,
      1.0057544708251953,
      1.0043388605117798,
      1.0031492710113525,
      1.0021833181381226,
      1.0014283657073975,
      1.0008628368377686,
      1.0004591941833496,
      1.000186800956726,
      1.0000150203704834,
      0.9999158382415771,
      0.9998654127120972,
      0.9998450875282288,
      0.9998416900634766,
      0.9998462200164795,
      0.9998533725738525,
      0.999860405921936,
      0.9998663663864136,
      0.999870777130127,
      0.9998741149902344
    ],
    "val_loss": [
      0.2869340777397156,
      0.2867320775985718,
      0.2865622043609619,
      0.2864242196083069,
      0.28631630539894104,
      0.2862354516983032,
      0.28617772459983826,
      0.28613874316215515,
      0.2861141860485077,
      0.28610000014305115,
      0.2860927879810333,
      0.2860898971557617,
      0.28608939051628113,
      0.28609001636505127,
      0.28609105944633484,
      0.286092072725296,
      0.2860929071903229,
      0.2860935628414154,
      0.2860940396785736,
      0.2860943675041199
    ],
    "val_rmse": [
      0.2869340777397156,
      0.2867320775985718,
      0.2865622043609619,
      0.2864242196083069,
      0.28631630539894104,
      0.2862354516983032,
      0.28617772459983826,
      0.28613874316215515,
      0.2861141860485077,
      0.28610000014305115,
      0.2860927879810333,
      0.2860898971557617,
      0.28608939051628113,
      0.28609001636505127,
      0.28609105944633484,
      0.286092072725296,
      0.2860929071903229,
      0.2860935628414154,
      0.2860940396785736,
      0.2860943675041199
    ],
    "epoch_time_sec": [
      0.0056915839995781425,
      0.00570108300235006,
      0.005629667000903282,
      0.005271792000712594,
      0.0068990420004411135,
      0.017480582999269245,
      0.015519249998760642,
      0.01023558299857541,
      0.008620959000836592,
      0.009142834001977462,
      0.009129458001552848,
      0.007425749998219544,
      0.009565332999045495,
      0.012688167000305839,
      0.007442749996698694,
      0.007892958001320949,
      0.0068051669986743946,
      0.00623112499670242,
      0.006078166999941459,
      0.005546332999074366
    ]
  },
  "steps_per_epoch": 1,
  "train_sequence_count": 1,
  "train_sequence_length": 64,
  "best_epoch": 11,
  "best_val_rmse": 0.2860898971557617,
  "normalizer": {
    "u_mean": [
      0.25496503710746765
    ],
    "u_std": [
      0.9678094387054443
    ],
    "y_mean": [
      0.23266762495040894
    ],
    "y_std": [
      0.2861120402812958
    ]
  },
  "clean_metrics": {
    "rmse": 0.2860943675041199,
    "nrmse": 0.9999382495880127,
    "mae": 0.22966639697551727,
    "r2": 0.00012344121932983398,
    "fit": 0.006175041198730469,
    "rmse_per_channel": [
      0.2860943675041199
    ],
    "nrmse_per_channel": [
      0.9999382495880127
    ],
    "mae_per_channel": [
      0.22966639697551727
    ],
    "r2_per_channel": [
      0.00012344121932983398
    ],
    "fit_per_channel": [
      0.006175041198730469
    ]
  },
  "scan_loop_consistency": {
    "available": false,
    "skipped": true,
    "reason": "skipped for regime=acc"
  },
  "certificate": {
    "available": true,
    "blocks": [
      {
        "index": 0,
        "branch_gamma": 0.010218266397714615,
        "ff_lip": 1.0139504671096802,
        "res_scale": 0.2732352018356323,
        "effective_block_gain": 1.0028309396473936
      }
    ],
    "block_gain_product": 1.0028309396473936,
    "target_gamma": 0.9837603569030762,
    "encoder_norm": 1.0101927518844604,
    "decoder_norm": 0.9943349957466125,
    "decoder_scale": 0.9766177655906996
  },
  "gain_estimates": null,
  "disturbance_robustness": [],
  "runtime": {
    "scan": {
      "available": false,
      "skipped": true,
      "error": "skipped for regime=acc",
      "points": []
    },
    "loop": {
      "available": false,
      "skipped": true,
      "error": "skipped for regime=acc",
      "points": []
    }
  },