{
  "dataset": "SyntheticDyn",
  "dataset_key": "synthetic_dyn",
  "param": "zak",
  "regime": "acc",
  "regime_pretty": "acc",
  "gamma": 1.0297852754592896,
  "gamma_init": 1.0,
  "gamma_fixed": null,
  "train_global_gamma": true,
  "trained_global_gamma": 1.0297852754592896,
  "train_branch_gamma": true,
  "seed": 0,
  "shape": {
    "d_model": 8,
    "d_state": 8,
    "n_layers": 1,
    "ff": "LGLU2",
    "d_hidden": 8,
    "nl_layers": 2,
    "scale": 1.0,
    "init": "eye",
    "rho": 0.95,
    "rmin": 0.7,
    "rmax": 0.98,
    "max_phase": 6.283185307179586,
    "max_phase_b": 6.283185307179586,
    "phase_center": 0.0,
    "random_phase": true,
    "learn_x0": true,
    "zak_d_margin": 0.25,
    "zak_x2_margin": 0.9,
    "zak_x2_init_scale": 0.1
  },
  "parameter_match": null,
  "init_window": 0,
  "parameter_count": 499,
  "train_cfg": {
    "epochs": 30,
    "batch_size": 1,
    "lr": 0.002,
    "weight_decay": 0.0,
    "grad_clip": 1.0,
    "patience": 30,
    "min_delta": 1e-05,
    "val_interval": 1,
    "window_len": 32,
    "normalize_data": true,
    "train_mode": "loop",
    "eval_mode": "loop",
    "use_early_stopping": false
  },
  "effective_modes": {
    "train_mode_requested": "loop",
    "eval_mode_requested": "loop",
    "train_mode_used": "loop",
    "eval_mode_used": "loop",
    "supported_modes": [
      "scan",
      "loop"
    ]
  },
  "training_history": {
    "train_loss": [
      0.9741265773773193,
      0.9715486764907837,
      0.9691769480705261,
      0.9670247435569763,
      0.9650993347167969,
      0.963402509689331,
      0.9619306325912476,
      0.9606747627258301,
      0.9596234560012817,
      0.9587661623954773,
      0.9580782651901245,
      0.9575369358062744,
      0.9571206569671631,
      0.95680832862854,
      0.9565800428390503,
      0.9564180374145508,
      0.9563065767288208,
      0.956232488155365,
      0.9561851620674133,
      0.9561562538146973,
      0.9561395645141602,
      0.9561306834220886,
      0.95612633228302,
      0.9561246037483215,
      0.9561241865158081,
      0.9561243057250977,
      0.9561246633529663,
      0.9561249613761902,
      0.956125020980835,
      0.956125020980835
    ],
    "val_loss": [
      0.2592812776565552,
      0.2589646279811859,
      0.2586769163608551,
      0.2584192752838135,
      0.2581919729709625,
      0.257994681596756,
      0.2578262388706207,
      0.2576850950717926,
      0.25756996870040894,
      0.2574775516986847,
      0.25740480422973633,
      0.2573488652706146,
      0.257306843996048,
      0.25727614760398865,
      0.25725436210632324,
      0.25723937153816223,
      0.25722941756248474,
      0.2572230398654938,
      0.2572191655635834,
      0.2572169303894043,
      0.2572157084941864,
      0.25721511244773865,
      0.25721490383148193,
      0.25721484422683716,
      0.25721487402915955,
      0.25721490383148193,
      0.2572149634361267,
      0.2572149634361267,
      0.2572149932384491,
      0.2572149634361267
    ],
    "val_rmse": [
      0.2592812776565552,
      0.2589646279811859,
      0.2586769163608551,
      0.2584192752838135,
      0.2581919729709625,
      0.257994681596756,
      0.2578262388706207,
      0.2576850950717926,
      0.25756996870040894,
      0.2574775516986847,
      0.25740480422973633,
      0.2573488652706146,
      0.257306843996048,
      0.25727614760398865,
      0.25725436210632324,
      0.25723937153816223,
      0.25722941756248474,
      0.2572230398654938,
      0.2572191655635834,
      0.2572169303894043,
      0.2572157084941864,
      0.25721511244773865,
      0.25721490383148193,
      0.25721484422683716,
      0.25721487402915955,
      0.25721490383148193,
      0.2572149634361267,
      0.2572149634361267,
      0.2572149932384491,
      0.2572149634361267
    ],
    "epoch_time_sec": [
      0.006622249999054475,
      0.005766540998592973,
      0.0058955419990525115,
      0.005631291998724919,
      0.005674542000633664,
      0.006163292000564979,
      0.0057149999993271194,
      0.006326834001811221,
      0.007097666999470675,
      0.005971291997411754,
      0.005581790999713121,
      0.006159999997180421,
      0.005731291999836685,
      0.005534624997380888,
      0.005777499998657731,
      0.00586483299775864,
      0.006101957998907892,
      0.006476375001511769,
      0.005654042000969639,
      0.006770249998226063,
      0.0060882500001753215,
      0.00601000000096974,
      0.006048750001355074,
      0.005963833002169849,
      0.006722209000145085,
      0.005660582999553299,
      0.00601825000194367,
      0.0055025000001478475,
      0.006208999999216758,
      0.005443250000098487
    ]
  },
  "steps_per_epoch": 1,
  "train_sequence_count": 1,
  "train_sequence_length": 64,
  "best_epoch": 17,
  "best_val_rmse": 0.2572230398654938,
  "normalizer": {
    "u_mean": [
      -0.031940653920173645
    ],
    "u_std": [
      1.0395656824111938
    ],
    "y_mean": [
      -0.025885265320539474
    ],
    "y_std": [
      0.2630503475666046
    ]
  },
  "clean_metrics": {
    "rmse": 0.2572149634361267,
    "nrmse": 0.9778164625167847,
    "mae": 0.22043476998806,
    "r2": 0.043875038623809814,
    "fit": 2.218353748321533,
    "rmse_per_channel": [
      0.2572149634361267
    ],
    "nrmse_per_channel": [
      0.9778164625167847
    ],
    "mae_per_channel": [
      0.22043476998806
    ],
    "r2_per_channel": [
      0.043875038623809814
    ],
    "fit_per_channel": [
      2.218353748321533
    ]
  },
  "scan_loop_consistency": {
    "available": false,
    "skipped": true,
    "reason": "skipped for regime=acc"
  },
  "certificate": {
    "available": true,
    "blocks": [
      {
        "index": 0,
        "branch_gamma": 0.009982600808143616,
        "ff_lip": 1.003669261932373,
        "res_scale": 0.26908278465270996,
        "effective_block_gain": 1.0026960021968807
      }
    ],
    "block_gain_product": 1.0026960021968807,
    "target_gamma": 1.0297852754592896,
    "encoder_norm": 0.9894757270812988,
    "decoder_norm": 1.0114495754241943,
    "decoder_scale": 1.0261905545748888
  },
  "gain_estimates": null,
  "disturbance_robustness": [],
  "runtime": {
    "scan": {
      "available": false,
      "skipped": true,
      "error": "skipped for regime=acc",
      "points": []
    },
    "loop": {
      "available": false,
      "skipped": true,
      "error": "skipped for regime=acc",
      "points": []
    }
  },