best_val_rmse,dataset,fit,gamma,gamma_fixed,gamma_init,mae,nrmse,param,parameter_count,r2,regime,regime_pretty,rmse,seed,train_global_gamma,trained_global_gamma
0.8919110894203186,Cascaded Tanks,57.92856216430664,3.411742687225342,,1.0,0.7793145179748535,0.4207143485546112,l2ru,456,0.8229994177818298,accuracy_trainable_gamma,Accuracy regime ($\gamma$ trainable),0.8919110894203186,0,True,3.411742687225342
1.3046690225601196,Cascaded Tanks,38.458778381347656,3.997551202774048,,1.0,1.15450918674469,0.6154122352600098,zak,464,0.6212677955627441,accuracy_trainable_gamma,Accuracy regime ($\gamma$ trainable),1.3046690225601196,0,True,3.997551202774048
1.3645251989364624,Cascaded Tanks,35.63535690307617,2.0,2.0,2.0,1.2148746252059937,0.6436463594436646,l2ru,455,0.5857193470001221,robustness_fixed_gamma,Robustness regime ($\gamma=2$ fixed),1.3645251989364624,0,False,
1.6370676755905151,Cascaded Tanks,22.779537200927734,2.0,2.0,2.0,1.4452663660049438,0.7722046375274658,zak,463,0.40369993448257446,robustness_fixed_gamma,Robustness regime ($\gamma=2$ fixed),1.6370676755905151,0,False,
