{
  "scan_pred": [
    [
      -0.001852143555879593
    ],
    [
      -0.03826775401830673
    ],
    [
      -0.07420358061790466
    ],
    [
      -0.10899277776479721
    ],
    [
      -0.14199073612689972
    ],
    [
      -0.1725795567035675
    ],
    [
      -0.20017759501934052
    ],
    [
      -0.22426170110702515
    ],
    [
      -0.2443762719631195
    ],
    [
      -0.2601395845413208
    ],
    [
      -0.2712542712688446
    ],
    [
      -0.27751120924949646
    ],
    [
      -0.27879229187965393
    ],
    [
      -0.2750740349292755
    ],
    [
      -0.26642611622810364
    ],
    [
      -0.25301069021224976
    ],
    [
      -0.23508109152317047
    ],
    [
      -0.21297666430473328
    ],
    [
      -0.1871151328086853
    ],
    [
      -0.15798771381378174
    ],
    [
      -0.12614724040031433
    ],
    [
      -0.09219391644001007
    ],
    [
      -0.05676378309726715
    ],
    [
      -0.020514119416475296
    ],
    [
      0.015894798561930656
    ],
    [
      0.05181167274713516
    ],
    [
      0.08660486340522766
    ],
    [
      0.11967479437589645
    ],
    [
      0.1504620760679245
    ],
    [
      0.1784515082836151
    ],
    [
      0.2031792849302292
    ],
    [
      0.22423885762691498
    ],
    [
      0.24128422141075134
    ],
    [
      0.25403502583503723
    ],
    [
      0.2622818350791931
    ],
    [
      0.26588913798332214
    ],
    [
      0.264797180891037
    ],
    [
      0.25902411341667175
    ],
    [
      0.24866493046283722
    ],
    [
      0.23389017581939697
    ],
    [
      0.2149425595998764
    ],
    [
      0.19213315844535828
    ],
    [
      0.16583700478076935
    ],
    [
      0.13648806512355804
    ],
    [
      0.10457417368888855
    ],
    [
      0.07063169777393341
    ],
    [
      0.03524034842848778
    ],
    [
      -0.0009848792105913162
    ]
  ],
  "loop_pred": [
    [
      -0.001852143555879593
    ],
    [
      -0.03826775401830673
    ],
    [
      -0.07420358061790466
    ],
    [
      -0.10899277776479721
    ],
    [
      -0.14199073612689972
    ],
    [
      -0.1725795567035675
    ],
    [
      -0.20017759501934052
    ],
    [
      -0.22426170110702515
    ],
    [
      -0.2443762719631195
    ],
    [
      -0.2601395845413208
    ],
    [
      -0.2712542712688446
    ],
    [
      -0.27751120924949646
    ],
    [
      -0.27879229187965393
    ],
    [
      -0.2750740349292755
    ],
    [
      -0.26642611622810364
    ],
    [
      -0.25301069021224976
    ],
    [
      -0.23508109152317047
    ],
    [
      -0.21297666430473328
    ],
    [
      -0.1871151328086853
    ],
    [
      -0.15798771381378174
    ],
    [
      -0.12614724040031433
    ],
    [
      -0.09219391644001007
    ],
    [
      -0.05676378309726715
    ],
    [
      -0.020514119416475296
    ],
    [
      0.015894798561930656
    ],
    [
      0.05181167274713516
    ],
    [
      0.08660486340522766
    ],
    [
      0.11967479437589645
    ],
    [
      0.1504620760679245
    ],
    [
      0.1784515082836151
    ],
    [
      0.2031792849302292
    ],
    [
      0.22423885762691498
    ],
    [
      0.24128422141075134
    ],
    [
      0.25403502583503723
    ],
    [
      0.2622818350791931
    ],
    [
      0.26588913798332214
    ],
    [
      0.264797180891037
    ],
    [
      0.25902411341667175
    ],
    [
      0.24866493046283722
    ],
    [
      0.23389017581939697
    ],
    [
      0.2149425595998764
    ],
    [
      0.19213315844535828
    ],
    [
      0.16583700478076935
    ],
    [
      0.13648806512355804
    ],
    [
      0.10457417368888855
    ],
    [
      0.07063169777393341
    ],
    [
      0.03524034842848778
    ],
    [
      -0.0009848792105913162
    ]
  ]
}