{
  "checkpoint": null,
  "state_source": null,
  "device": "cpu",
  "resolved_mode": "scan",
  "seed": 7,
  "model_kwargs": {
    "d_input": 1,
    "d_output": 1,
    "d_model": 8,
    "d_state": 16,
    "n_layers": 2,
    "param": "tvc",
    "ff": "LGLU2",
    "gamma": 2.0,
    "d_hidden": 8,
    "nl_layers": 3,
    "train_gamma": false,
    "scale": 1.0,
    "rho": 0.9,
    "max_phase_b": 0.04,
    "phase_center": 0.0,
    "random_phase": true,
    "learn_x0": false
  },
  "load_info": {
    "missing_keys": [],
    "unexpected_keys": []
  },
  "warnings": [],
  "certificate": {
    "available": true,
    "ff_has_lip": true,
    "blocks": [
      {
        "index": 0,
        "branch_gamma": 1.0,
        "ff_lip": 1.0000009536743164,
        "res_scale": 0.2689414322376251,
        "effective_block_gain": 1.2689416887201617
      },
      {
        "index": 1,
        "branch_gamma": 1.0,
        "ff_lip": 1.0000009536743164,
        "res_scale": 0.2689414322376251,
        "effective_block_gain": 1.2689416887201617
      }
    ],
    "target_gamma": 2.0,
    "encoder_norm": 1.0,
    "decoder_norm": 1.0,
    "block_gain_product": 1.6102130093719758,
    "decoder_scale": 1.2420716938430456
  },
  "random_probe": {
    "num_samples": 256,
    "num_finite": 256,
    "num_nonfinite": 0,
    "input_radius": 1.0,
    "mean": 0.0007022243225947022,
    "std": 3.093348641414195e-05,
    "p95": 0.0007519189966842532,
    "max": 0.0008232722175307572
  },
  "finite_horizon_worst_case_gain": {
    "estimate": 0.0010134244803339243,
    "mean_over_restarts": 0.0008836189966435389,
    "p95_over_restarts": 0.0009742836817167699,
    "per_restart_best": [
      0.0009277664357796311,
      0.0009755889186635613,
      0.0008031803881749511,
      0.0009186807437799871,
      0.0009501140448264778,
      0.0009076835121959448,
      0.0007946360274218023,
      0.0008347266120836139,
      0.000879863160662353,
      0.0008519258117303252,
      0.0008600103319622576,
      0.000891064410097897,
      0.0008951121126301587,
      0.000952544214669615,
      0.0008635107078589499,
      0.000855501217301935,
      0.0009213992743752897,
      0.0009195471648126841,
      0.0009341600816696882,
      0.0008788270642980933,
      0.0008588861674070358,
      0.0007821310427971184,
      0.0009411779465153813,
      0.0009718596702441573,
      0.0008029626333154738,
      0.0008972552022896707,
      0.0008484864374622703,
      0.0008694454445503652,
      0.0008761731442064047,
      0.000868204515427351,
      0.0009231303120031953,
      0.0009199407650157809,
      0.0010081290965899825,
      0.00084849470295012,
      0.0009470782824791968,
      0.000867233844473958,
      0.0007889457046985626,
      0.0009048224310390651,
      0.0008494434878230095,
      0.0008750816923566163,
      0.0007903676014393568,
      0.0007800825987942517,
      0.0009090961539186537,
      0.000857814506161958,
      0.0008545889286324382,
      0.0010134244803339243,
      0.0008915632497519255,
      0.0008520495612174273
    ],
    "history_mean": [
      0.0007084909375407733,
      0.0007094056854839437,
      0.0007103243915480562,
      0.0007112451567081735,
      0.0007121691014617682,
      0.0007130958183552139,
      0.0007140252273529768,
      0.0007149576995288953,
      0.0007158930238801986,
      0.000716831193130929,
      0.0007177723819040693,
      0.0007187173323472962,
      0.0007196650258265436,
      0.0007206158552435227,
      0.0007215700388769619,
      0.0007225268564070575,
      0.0007234886288642883,
      0.0007244518201332539,
      0.0007254196389112622,
      0.0007263902953127399,
      0.0007273642622749321,
      0.0007283423401531763,
      0.0007293232556548901,
      0.0007303082238649949,
      0.0007312969319173135,
      0.0007322887613554485,
      0.0007332845561904833,
      0.0007342844037339091,
      0.0007352868196903728,
      0.0007362939722952433,
      0.0007373041371465661,
      0.0007383191987173632,
      0.000739337396225892,
      0.0007403597046504728,
      0.0007413860221276991,
      0.0007424152427120134,
      0.000743449003493879,
      0.0007444871953339316,
      0.000745528654078953,
      0.0007465739254257642,
      0.0007476242317352444,
      0.0007486780814360827,
      0.0007497365440940484,
      0.000750797196815256,
      0.0007518630372942425,
      0.0007529342765337788,
      0.0007540080769103952,
      0.0007550872687716037,
      0.0007561691891169176,
      0.000757255736971274,
      0.0007583462429465726,
      0.0007594414782943204,
      0.0007605405116919428,
      0.0007616448565386236,
      0.0007627525192219764,
      0.0007638639799552038,
      0.0007649802864762023,
      0.0007661011186428368,
      0.0007672260544495657,
      0.0007683549338253215,
      0.0007694884625379927,
      0.0007706269097980112,
      0.0007717691842117347,
      0.0007729153730906546,
      0.0007740667424513958,
      0.0007752228775643744,
      0.000776381952164229,
      0.0007775454723741859,
      0.0007787142822053283,
      0.0007798883234499954,
      0.0007810654497006908,
      0.0007822473853593692,
      0.0007834338175598532,
      0.000784625080996193,
      0.0007858205935917795,
      0.000787020951975137,
      0.0007882249265094288,
      0.0007894346126704477,
      0.0007906481769168749,
      0.0007918657574919052,
      0.0007930887950351462,
      0.0007943162418087013,
      0.0007955479086376727,
      0.0007967847777763382,
      0.0007980256923474371,
      0.0007992714381543919,
      0.0008005223717191257,
      0.0008017767904675566,
      0.0008030363460420631,
      0.0008043007474043407,
      0.0008055703801801428,
      0.000806843709142413,
      0.0008081223568296991,
      0.0008094057266134769,
      0.0008106938184937462,
      0.000811986108601559,
      0.0008132826769724488,
      0.0008145846586558037,
      0.0008158915297826752,
      0.0008172031375579536,
      0.000818519780295901,
      0.0008198414943763055,
      0.0008211669555748813,
      0.0008224978664657101,
      0.000823833433969412,
      0.0008251734325313009,
      0.000826518538815435,
      0.0008278686000267044,
      0.000829223710752558,
      0.0008305828960146755,
      0.000831947814731393,
      0.0008333173245773651,
      0.0008346917602466419,
      0.0008360705760424025,
      0.0008374548924621195,
      0.000838843836390879,
      0.0008402377279708162,
      0.0008416367054451257,
      0.0008430402012891136,
      0.0008444486375083216,
      0.0008458628581138328,
      0.0008472819608869031,
      0.000848705371026881,
      0.0008501338743371889,
      0.0008515679437550716,
      0.0008530062405043282,
      0.0008544494994566776,
      0.0008558987465221435,
      0.0008573515660827979,
      0.0008588105556555092,
      0.0008602741072536446,
      0.0008617425701231696,
      0.0008632163589936681,
      0.0008646950154798105,
      0.0008661792089696974,
      0.0008676677316543646,
      0.000869161456648726,
      0.0008706607259227894,
      0.0008721647755010054,
      0.0008736744857742451,
      0.0008751885397941805,
      0.0008767078979872167,
      0.0008782326549408026,
      0.0008797613918432035,
      0.0008812961095827632,
      0.0008828365098452196,
      0.0008843812247505412,
      0.0008859316003508866,
      0.0008874870618456043,
      0.0008890470853657462
    ],