{
  "n_layers": 6,
  "learning_rate": 0.01656754386165258,
  "gamma": 4.797668248201775,
  "objective_rmse_x1000": 33.51540756225586
}